{"cameraMode":{"drawMode":0,"name":"Shaded","section":"Shading Mode"},"sceneLighting":true,"audioPlay":false,"sceneViewState":{"m_AlwaysRefresh":false,"showFog":true,"showSkybox":true,"showFlares":true,"showImageEffects":true,"showParticleSystems":true,"showVisualEffectGraphs":true,"m_FxEnabled":true},"in2DMode":false,"pivot":{"x":2.0597946643829347,"y":-0.20165514945983888,"z":-0.835319995880127},"rotation":{"x":-0.03073212318122387,"y":0.9676793813705444,"z":-0.14655685424804688,"w":-0.2029164880514145},"size":2.4073948860168459,"orthographic":false}