{"cameraMode":{"drawMode":0,"name":"Shaded","section":"Shading Mode"},"sceneLighting":true,"audioPlay":false,"sceneViewState":{"m_AlwaysRefresh":false,"showFog":true,"showSkybox":true,"showFlares":true,"showImageEffects":true,"showParticleSystems":true,"showVisualEffectGraphs":true,"m_FxEnabled":true},"in2DMode":false,"pivot":{"x":-0.23900480568408967,"y":0.09737270325422287,"z":0.00016129016876220703},"rotation":{"x":-0.002066427143290639,"y":0.9958825707435608,"z":-0.0233055017888546,"w":-0.08775269985198975},"size":5.943179130554199,"orthographic":true}