{"cameraMode":{"drawMode":0,"name":"Shaded","section":"Shading Mode"},"sceneLighting":true,"audioPlay":false,"sceneViewState":{"m_AlwaysRefresh":true,"showFog":true,"showSkybox":true,"showFlares":true,"showImageEffects":true,"showParticleSystems":true,"showVisualEffectGraphs":true,"m_FxEnabled":false},"in2DMode":false,"pivot":{"x":0.2699005901813507,"y":13.055145263671875,"z":-1.607490062713623},"rotation":{"x":0.08688294887542725,"y":-0.01344756968319416,"z":0.0011762874200940133,"w":0.9961369037628174},"size":20.397245407104493,"orthographic":true}