{"cameraMode":{"drawMode":0,"name":"Shaded","section":"Shading Mode"},"sceneLighting":true,"audioPlay":false,"sceneViewState":{"m_AlwaysRefresh":false,"showFog":true,"showSkybox":true,"showFlares":true,"showImageEffects":true,"showParticleSystems":true,"showVisualEffectGraphs":true,"m_FxEnabled":false},"in2DMode":false,"pivot":{"x":-17.873886108398439,"y":33.76531982421875,"z":1.9925785064697266},"rotation":{"x":0.19731459021568299,"y":-0.38136228919029238,"z":0.08367972820997238,"w":0.8992425203323364},"size":63.057640075683597,"orthographic":true}