{"cameraMode":{"drawMode":0,"name":"Shaded","section":"Shading Mode"},"sceneLighting":true,"audioPlay":false,"sceneViewState":{"m_AlwaysRefresh":false,"showFog":true,"showSkybox":true,"showFlares":true,"showImageEffects":true,"showParticleSystems":true,"showVisualEffectGraphs":true,"m_FxEnabled":true},"in2DMode":false,"pivot":{"x":1.2302818298339844,"y":1.789245843887329,"z":-0.13515400886535645},"rotation":{"x":0.06212051957845688,"y":-0.8893275856971741,"z":0.1270494908094406,"w":0.4348677694797516},"size":3.9708056449890138,"orthographic":true}