{"cameraMode":{"drawMode":0,"name":"Shaded","section":"Shading Mode"},"sceneLighting":false,"audioPlay":false,"sceneViewState":{"m_AlwaysRefresh":true,"showFog":true,"showSkybox":true,"showFlares":true,"showImageEffects":true,"showParticleSystems":true,"showVisualEffectGraphs":true,"m_FxEnabled":false},"in2DMode":false,"pivot":{"x":-3.1911263465881349,"y":-2.1119070053100588,"z":69.00749969482422},"rotation":{"x":0.06146063655614853,"y":-0.004491492640227079,"z":0.00027657332248054445,"w":0.9981003999710083},"size":48.31055450439453,"orthographic":true}