{"cameraMode":{"drawMode":0,"name":"Shaded","section":"Shading Mode"},"sceneLighting":true,"audioPlay":false,"sceneViewState":{"m_AlwaysRefresh":false,"showFog":true,"showSkybox":true,"showFlares":true,"showImageEffects":true,"showParticleSystems":true,"showVisualEffectGraphs":true,"m_FxEnabled":true},"in2DMode":false,"pivot":{"x":1.2302818298339844,"y":1.789245843887329,"z":-0.13515400886535645},"rotation":{"x":0.06009553000330925,"y":0.6901350021362305,"z":-0.05768658593297005,"w":0.7188799381256104},"size":5.3426923751831059,"orthographic":true}