{"cameraMode":{"drawMode":0,"name":"Shaded","section":"Shading Mode"},"sceneLighting":true,"audioPlay":false,"sceneViewState":{"m_AlwaysRefresh":false,"showFog":true,"showSkybox":true,"showFlares":true,"showImageEffects":true,"showParticleSystems":true,"showVisualEffectGraphs":true,"m_FxEnabled":true},"in2DMode":false,"pivot":{"x":1.2302818298339844,"y":1.789245843887329,"z":-0.13515400886535645},"rotation":{"x":0.258747935295105,"y":0.03476550057530403,"z":-0.009316506795585156,"w":0.965279221534729},"size":2.8875927925109865,"orthographic":true}