{"cameraMode":{"drawMode":0,"name":"Shaded","section":"Shading Mode"},"sceneLighting":false,"audioPlay":false,"sceneViewState":{"m_AlwaysRefresh":true,"showFog":true,"showSkybox":false,"showFlares":true,"showImageEffects":true,"showParticleSystems":true,"showVisualEffectGraphs":true,"m_FxEnabled":false},"in2DMode":false,"pivot":{"x":0.29768481850624087,"y":11.3019380569458,"z":25.669063568115236},"rotation":{"x":0.0014408838469535113,"y":0.9982108473777771,"z":-0.026958245784044267,"w":0.05335333198308945},"size":5.989385604858398,"orthographic":true}