{"cameraMode":{"drawMode":0,"name":"Shaded","section":"Shading Mode"},"sceneLighting":true,"audioPlay":false,"sceneViewState":{"m_AlwaysRefresh":true,"showFog":true,"showSkybox":false,"showFlares":true,"showImageEffects":true,"showParticleSystems":true,"showVisualEffectGraphs":true,"m_FxEnabled":false},"in2DMode":false,"pivot":{"x":0.29768481850624087,"y":11.3019380569458,"z":25.669063568115236},"rotation":{"x":0.06686761975288391,"y":-0.130722314119339,"z":0.008836337365210057,"w":0.9891247749328613},"size":16.580408096313478,"orthographic":true}