{"cameraMode":{"drawMode":0,"name":"Shaded","section":"Shading Mode"},"sceneLighting":false,"audioPlay":false,"sceneViewState":{"m_AlwaysRefresh":true,"showFog":true,"showSkybox":false,"showFlares":true,"showImageEffects":true,"showParticleSystems":true,"showVisualEffectGraphs":true,"m_FxEnabled":false},"in2DMode":false,"pivot":{"x":-0.9100000858306885,"y":26.760400772094728,"z":0.16000008583068849},"rotation":{"x":0.06146063655614853,"y":-0.004491492640227079,"z":0.00027657332248054445,"w":0.9981003999710083},"size":13.199931144714356,"orthographic":true}